ACCIDENT_DATE,ACCIDENT_TIME,ALCOHOLTIME,ACCIDENT_TYPE,DCA_CODE,HIT_RUN_FLAG,LIGHT_CONDITION,POLICE_ATTEND,ROAD_GEOMETRY,SEVERITY,SPEED_ZONE,LONGITUDE,LATITUDE,LGA_NAME,REGION_NAME,TOTAL_PERSONS,INJ_OR_FATAL,FATALITY,SERIOUSINJURY,OTHERINJURY,NONINJURED,MALES,FEMALES,BICYCLIST,PASSENGER,DRIVER,PEDESTRIAN,PILLION,MOTORIST,UNKNOWN,PED_CYCLIST_5_12,PED_CYCLIST_13_18,OLD_PEDESTRIAN,OLD_DRIVER,YOUNG_DRIVER,ALCOHOL_RELATED,UNLICENCSED,NO_OF_VEHICLES,HEAVYVEHICLE,PASSENGERVEHICLE,MOTORCYCLE,PUBLICVEHICLE,DEG_URBAN_NAME
25/05/2013,19.00.00,Yes,Collision with vehicle,VEHICLE STRIKES DOOR OF PARKED/STATIONARY VEHICLE,No,Dark Street lights on,No,Cross intersection,Serious injury accident,40 km/hr,144.97887,-37.79595,YARRA,METROPOLITAN NORTH WEST REGION,3,1,0,1,0,2,2,1,1,1,1,0,0,0,0,0,0,0,0,0,No,0,2,0,1,0,0,Metropolitan Excluding CBD
25/05/2013,13.40.00,No,Collision with vehicle,LANE SIDE SWIPE (VEHICLES IN PARALLEL LANES),No,Day,Not known,Cross intersection,Serious injury accident,60 km/hr,144.99137,-37.80961,YARRA,METROPOLITAN NORTH WEST REGION,2,1,0,1,0,1,0,2,0,0,2,0,0,0,0,0,0,0,0,1,No,0,2,0,2,0,0,Metropolitan Excluding CBD
28/05/2013,06.45.00,No,Collision with vehicle,LEFT NEAR (INTERSECTIONS ONLY),No,Day,No,T intersection,Other injury accident,60 km/hr,145.01065,-37.81975,YARRA,METROPOLITAN NORTH WEST REGION,2,1,0,0,1,1,2,0,1,0,1,0,0,0,0,0,0,0,0,0,No,0,2,0,1,0,0,Metropolitan Excluding CBD
29/05/2013,09.00.00,No,No collision and no object struck,OUT OF CONTROL ON CARRIAGEWAY (ON STRAIGHT),No,Day,No,Not at intersection,Serious injury accident,40 km/hr,144.98083,-37.77922,YARRA,METROPOLITAN NORTH WEST REGION,2,1,0,1,0,1,0,1,1,0,0,0,0,0,1,0,0,0,0,0,No,0,2,0,0,0,0,Metropolitan Excluding CBD
30/05/2013,18.10.00,Yes,Collision with vehicle,LEFT NEAR (INTERSECTIONS ONLY),No,Dark Street lights unknown,No,T intersection,Other injury accident,50 km/hr,144.98132,-37.77654,YARRA,METROPOLITAN NORTH WEST REGION,2,1,0,0,1,1,1,1,1,0,1,0,0,0,0,0,0,0,0,0,No,0,2,0,1,0,0,Metropolitan Excluding CBD
1/06/2013,17.00.00,Yes,Struck Pedestrian,FAR SIDE. PED HIT BY VEHICLE FROM THE LEFT,No,Dark Street lights on,Yes,Cross intersection,Serious injury accident,40 km/hr,144.99177,-37.80716,YARRA,METROPOLITAN NORTH WEST REGION,2,1,0,1,0,1,1,1,0,0,1,1,0,0,0,0,0,1,0,0,No,0,1,0,1,0,0,Metropolitan Excluding CBD
2/06/2013,01.55.00,Yes,Collision with vehicle,CROSS TRAFFIC(INTERSECTIONS ONLY),Yes,Dark Street lights on,Yes,Cross intersection,Other injury accident,40 km/hr,144.98608,-37.80659,YARRA,METROPOLITAN NORTH WEST REGION,3,1,0,0,1,2,3,0,0,1,2,0,0,0,0,0,0,0,0,0,No,0,2,0,2,0,0,Metropolitan Excluding CBD
2/06/2013,07.20.00,Yes,Collision with vehicle,RIGHT NEAR (INTERSECTIONS ONLY),No,Dark Street lights on,Yes,Cross intersection,Other injury accident,50 km/hr,144.99896,-37.80746,YARRA,METROPOLITAN NORTH WEST REGION,2,1,0,0,1,1,0,2,1,0,1,0,0,0,0,0,0,0,0,0,No,0,2,0,1,0,0,Metropolitan Excluding CBD
3/06/2013,19.30.00,Yes,Collision with vehicle,LANE SIDE SWIPE (VEHICLES IN PARALLEL LANES),No,Unk.,No,Not at intersection,Other injury accident,50 km/hr,144.97291,-37.79059,YARRA,METROPOLITAN NORTH WEST REGION,2,1,0,0,1,1,2,0,1,0,1,0,0,0,0,0,0,0,0,0,No,0,2,0,1,0,0,Metropolitan Excluding CBD
4/06/2013,08.15.00,No,Collision with vehicle,VEHICLE STRIKES DOOR OF PARKED/STATIONARY VEHICLE,No,Dusk/Dawn,No,Not at intersection,Other injury accident,60 km/hr,144.9983,-37.82573,YARRA,METROPOLITAN NORTH WEST REGION,3,1,0,0,1,2,2,1,1,1,1,0,0,0,0,0,0,0,0,1,No,0,2,0,1,0,0,Metropolitan Excluding CBD
6/06/2013,08.15.00,No,Collision with vehicle,LEFT TURN SIDESWIPE,No,Day,No,T intersection,Other injury accident,60 km/hr,144.98816,-37.77829,YARRA,METROPOLITAN NORTH WEST REGION,2,1,0,0,1,1,1,1,1,0,1,0,0,0,0,0,0,0,0,0,No,0,2,0,1,0,0,Metropolitan Excluding CBD
6/06/2013,10.20.00,No,Collision with vehicle,U TURN,No,Day,Yes,T intersection,Serious injury accident,40 km/hr,145.0073,-37.8194,YARRA,METROPOLITAN NORTH WEST REGION,4,2,0,1,1,2,3,1,0,2,2,0,0,0,0,0,0,0,0,0,No,1,2,0,1,0,1,Metropolitan Excluding CBD
6/06/2013,12.05.00,No,Collision with vehicle,REAR END(VEHICLES IN SAME LANE),No,Day,No,Not at intersection,Other injury accident,60 km/hr,144.99174,-37.80735,YARRA,METROPOLITAN NORTH WEST REGION,2,1,0,0,1,1,1,1,0,0,2,0,0,0,0,0,0,0,0,1,No,0,2,0,2,0,0,Metropolitan Excluding CBD
6/06/2013,10.15.00,No,Collision with vehicle,REAR END(VEHICLES IN SAME LANE),No,Day,No,Cross intersection,Other injury accident,70 km/hr,144.99299,-37.79985,YARRA,METROPOLITAN NORTH WEST REGION,2,2,0,0,2,0,1,1,0,0,2,0,0,0,0,0,0,0,0,0,No,0,2,0,2,0,0,Metropolitan Excluding CBD
7/06/2013,08.00.00,No,Collision with vehicle,CROSS TRAFFIC(INTERSECTIONS ONLY),No,Dusk/Dawn,No,Cross intersection,Other injury accident,60 km/hr,144.98916,-37.78593,YARRA,METROPOLITAN NORTH WEST REGION,2,1,0,0,1,1,0,2,1,0,1,0,0,0,0,0,0,0,0,0,No,0,2,0,1,0,0,Metropolitan Excluding CBD
8/06/2013,04.15.00,Yes,Collision with vehicle,CROSS TRAFFIC(INTERSECTIONS ONLY),No,Dark Street lights on,Yes,Cross intersection,Other injury accident,70 km/hr,144.99299,-37.79985,YARRA,METROPOLITAN NORTH WEST REGION,3,1,0,0,1,2,2,1,0,1,2,0,0,0,0,0,0,0,0,2,No,0,2,0,2,0,0,Metropolitan Excluding CBD
9/06/2013,23.00.00,Yes,Collision with vehicle,REAR END(VEHICLES IN SAME LANE),No,Dark Street lights on,Yes,Cross intersection,Other injury accident,60 km/hr,144.98427,-37.79896,YARRA,METROPOLITAN NORTH WEST REGION,2,1,0,0,1,1,1,1,0,0,2,0,0,0,0,0,0,0,0,1,No,0,2,0,2,0,0,Metropolitan Excluding CBD
12/06/2013,18.00.00,Yes,Struck Pedestrian,PED NEAR SIDE. PED HIT BY VEHICLE FROM THE RIGHT.,No,Dark Street lights on,Yes,Not at intersection,Serious injury accident,40 km/hr,144.99715,-37.80321,YARRA,METROPOLITAN NORTH WEST REGION,2,1,0,1,0,1,0,2,0,0,1,1,0,0,0,0,0,0,0,0,No,0,1,0,1,0,0,Metropolitan Excluding CBD
13/06/2013,17.20.00,No,Struck Pedestrian,PED NEAR SIDE. PED HIT BY VEHICLE FROM THE RIGHT.,No,Dark Street lights on,Yes,Cross intersection,Other injury accident,60 km/hr,144.96974,-37.78434,YARRA,METROPOLITAN NORTH WEST REGION,2,1,0,0,1,1,2,0,0,0,1,1,0,0,0,0,1,0,0,0,No,0,1,0,1,0,0,Metropolitan Excluding CBD
15/06/2013,00.10.00,Yes,Collision with vehicle,RIGHT REAR.,No,Dark Street lights on,No,Cross intersection,Other injury accident,60 km/hr,144.99137,-37.80961,YARRA,METROPOLITAN NORTH WEST REGION,3,1,0,0,1,2,2,1,0,1,2,0,0,0,0,0,0,0,0,1,No,0,2,0,2,0,0,Metropolitan Excluding CBD
18/06/2013,16.55.00,No,Collision with vehicle,VEHICLE COLLIDES WITH VEHICLE PARKED ON LEFT OF ROAD,No,Dusk/Dawn,Yes,Not at intersection,Other injury accident,50 km/hr,145.0031,-37.80939,YARRA,METROPOLITAN NORTH WEST REGION,2,2,0,0,2,0,1,1,0,1,1,0,0,0,0,0,0,0,0,0,No,0,2,0,2,0,0,Metropolitan Excluding CBD
18/06/2013,19.35.00,Yes,Collision with vehicle,U TURN,No,Dark Street lights on,Yes,T intersection,Serious injury accident,60 km/hr,144.98567,-37.79081,YARRA,METROPOLITAN NORTH WEST REGION,2,1,0,1,0,1,1,1,0,0,2,0,0,0,0,0,0,0,0,0,No,0,2,0,2,0,0,Metropolitan Excluding CBD
18/06/2013,22.20.00,Yes,No collision and no object struck,OUT OF CONTROL ON CARRIAGEWAY (ON STRAIGHT),No,Dark Street lights on,Yes,Cross intersection,Serious injury accident,60 km/hr,144.99604,-37.81009,YARRA,METROPOLITAN NORTH WEST REGION,1,1,0,1,0,0,0,1,0,0,0,0,0,1,0,0,0,0,0,0,No,0,1,0,0,1,0,Metropolitan Excluding CBD
20/06/2013,13.21.00,No,Collision with vehicle,LEFT TURN SIDESWIPE,No,Day,Yes,Cross intersection,Other injury accident,40 km/hr,144.97907,-37.79473,YARRA,METROPOLITAN NORTH WEST REGION,2,1,0,0,1,1,2,0,1,0,1,0,0,0,0,0,0,0,0,0,No,0,2,0,1,0,0,Metropolitan Excluding CBD
20/06/2013,18.05.00,Yes,Collision with vehicle,RIGHT THROUGH,Yes,Dark Street lights on,Yes,T intersection,Other injury accident,40 km/hr,144.98455,-37.79736,YARRA,METROPOLITAN NORTH WEST REGION,2,1,0,0,1,1,1,0,0,0,0,0,0,1,1,0,0,0,0,0,No,0,2,0,0,1,0,Metropolitan Excluding CBD
20/06/2013,08.19.00,No,Collision with vehicle,RIGHT THROUGH,No,Dusk/Dawn,Yes,Not at intersection,Other injury accident,60 km/hr,144.99401,-37.79436,YARRA,METROPOLITAN NORTH WEST REGION,2,1,0,0,1,1,2,0,1,0,1,0,0,0,0,0,0,0,0,0,No,0,2,0,1,0,0,Metropolitan Excluding CBD
21/06/2013,19.20.00,Yes,Collision with vehicle,LEFT TURN SIDESWIPE,No,Dark Street lights on,Yes,T intersection,Serious injury accident,40 km/hr,144.9967,-37.83285,YARRA,METROPOLITAN NORTH WEST REGION,5,1,0,1,0,4,3,2,1,1,2,1,0,0,0,0,0,0,0,0,No,0,3,0,2,0,0,Metropolitan Excluding CBD
22/06/2013,09.30.00,No,Struck Pedestrian,PED NEAR SIDE. PED HIT BY VEHICLE FROM THE RIGHT.,No,Day,Yes,Cross intersection,Serious injury accident,40 km/hr,144.99087,-37.80054,YARRA,METROPOLITAN NORTH WEST REGION,2,1,0,1,0,1,0,2,0,0,1,1,0,0,0,0,0,0,1,0,No,0,1,0,1,0,0,Metropolitan Excluding CBD
23/06/2013,16.00.00,Yes,Collision with vehicle,VEHICLE COLLIDES WITH VEHICLE PARKED ON LEFT OF ROAD,No,Dusk/Dawn,Yes,Cross intersection,Serious injury accident,70 km/hr,144.99177,-37.80716,YARRA,METROPOLITAN NORTH WEST REGION,1,1,0,1,0,0,1,0,0,0,1,0,0,0,0,0,0,0,1,0,No,0,2,0,2,0,0,Metropolitan Excluding CBD
23/06/2013,05.45.00,Yes,No collision and no object struck,OUT OF CONTROL ON CARRIAGEWAY (ON STRAIGHT),No,Dusk/Dawn,No,Cross intersection,Other injury accident,70 km/hr,144.99215,-37.80489,YARRA,METROPOLITAN NORTH WEST REGION,2,1,0,0,1,1,1,0,1,0,0,0,0,0,1,0,1,0,0,0,No,0,2,0,0,0,0,Metropolitan Excluding CBD
24/06/2013,14.30.00,No,Collision with vehicle,CROSS TRAFFIC(INTERSECTIONS ONLY),No,Day,No,Cross intersection,Other injury accident,50 km/hr,144.97161,-37.78198,YARRA,METROPOLITAN NORTH WEST REGION,2,1,0,0,1,1,2,0,1,0,1,0,0,0,0,0,0,0,0,0,No,0,2,0,1,0,0,Metropolitan Excluding CBD
24/06/2013,15.30.00,No,Struck Pedestrian,PED NEAR SIDE. PED HIT BY VEHICLE FROM THE RIGHT.,No,Day,No,Not at intersection,Serious injury accident,40 km/hr,144.97977,-37.79068,YARRA,METROPOLITAN NORTH WEST REGION,2,1,0,1,0,1,2,0,0,0,1,1,0,0,0,0,0,0,0,0,No,0,1,0,0,0,0,Metropolitan Excluding CBD
26/06/2013,09.40.00,No,No collision and no object struck,OUT OF CONTROL ON CARRIAGEWAY (ON STRAIGHT),No,Day,No,Cross intersection,Other injury accident,40 km/hr,144.99365,-37.81119,YARRA,METROPOLITAN NORTH WEST REGION,2,1,0,0,1,1,2,0,1,0,1,0,0,0,0,0,0,0,0,0,No,0,2,0,1,0,0,Metropolitan Excluding CBD
26/06/2013,06.45.00,No,Struck Pedestrian,PED NEAR SIDE. PED HIT BY VEHICLE FROM THE RIGHT.,No,Dusk/Dawn,No,T intersection,Other injury accident,Not known,144.98644,-37.80912,YARRA,METROPOLITAN NORTH WEST REGION,2,1,0,0,1,1,0,2,0,0,1,1,0,0,0,0,0,0,0,0,No,0,1,0,1,0,0,Metropolitan Excluding CBD
26/06/2013,18.10.00,Yes,Struck Pedestrian,FAR SIDE. PED HIT BY VEHICLE FROM THE LEFT,No,Dark Street lights on,Yes,Cross intersection,Serious injury accident,60 km/hr,144.99213,-37.80499,YARRA,METROPOLITAN NORTH WEST REGION,2,1,0,1,0,1,1,1,0,0,1,1,0,0,0,0,0,0,0,0,No,0,1,0,1,0,0,Metropolitan Excluding CBD
29/06/2013,16.24.00,Yes,Struck Pedestrian,ANY MANOEUVRE INVOLVING PED NOT INCLUDED IN DCAs 100-108.,No,Day,No,T intersection,Serious injury accident,40 km/hr,145.00839,-37.81894,YARRA,METROPOLITAN NORTH WEST REGION,2,1,0,1,0,1,2,0,0,0,1,1,0,0,0,0,0,1,0,0,No,0,1,0,1,0,0,Metropolitan Excluding CBD
2/07/2013,11.35.00,No,Collision with vehicle,LEFT TURN SIDESWIPE,No,Day,Yes,Cross intersection,Serious injury accident,40 km/hr,144.99483,-37.79022,YARRA,METROPOLITAN NORTH WEST REGION,2,1,0,1,0,1,2,0,1,0,1,0,0,0,0,0,0,0,0,0,No,0,2,0,1,0,0,Metropolitan Excluding CBD
3/07/2013,00.54.00,Yes,No collision and no object struck,OFF CARRIAGEWAY TO LEFT,No,Dark Street lights on,Yes,Not at intersection,Serious injury accident,60 km/hr,144.98377,-37.7916,YARRA,METROPOLITAN NORTH WEST REGION,1,1,0,1,0,0,1,0,0,0,1,0,0,0,0,0,0,0,0,0,No,0,1,0,1,0,0,Metropolitan Excluding CBD
3/07/2013,08.25.00,No,Collision with vehicle,CROSS TRAFFIC(INTERSECTIONS ONLY),No,Day,Yes,Cross intersection,Other injury accident,40 km/hr,144.97507,-37.78492,YARRA,METROPOLITAN NORTH WEST REGION,2,1,0,0,1,1,1,1,1,0,1,0,0,0,0,0,0,0,0,1,No,0,2,0,1,0,0,Metropolitan Excluding CBD
3/07/2013,18.35.00,Yes,Collision with vehicle,REAR END(VEHICLES IN SAME LANE),No,Dark Street lights on,Yes,Not at intersection,Serious injury accident,80 km/hr,145.01028,-37.83093,YARRA,METROPOLITAN NORTH WEST REGION,5,1,0,1,0,4,4,1,0,2,3,0,0,0,0,0,0,0,0,0,No,0,3,0,3,0,0,Metropolitan Excluding CBD
3/07/2013,13.30.00,No,Struck Pedestrian,ANY MANOEUVRE INVOLVING PED NOT INCLUDED IN DCAs 100-108.,No,Day,No,Not at intersection,Other injury accident,50 km/hr,144.99406,-37.80989,YARRA,METROPOLITAN NORTH WEST REGION,2,1,0,0,1,1,1,1,0,0,1,1,0,0,0,0,0,0,0,0,No,0,1,0,1,0,0,Metropolitan Excluding CBD
4/07/2013,09.45.00,No,Collision with vehicle,LEFT TURN SIDESWIPE,No,Day,No,T intersection,Other injury accident,60 km/hr,145.00822,-37.81993,YARRA,METROPOLITAN NORTH WEST REGION,2,1,0,0,1,1,2,0,1,0,1,0,0,0,0,0,0,0,0,0,No,0,2,0,1,0,0,Metropolitan Excluding CBD
4/07/2013,15.37.00,No,Collision with vehicle,LANE CHANGE LEFT (NOT OVERTAKING),No,Day,Yes,Not at intersection,Other injury accident,40 km/hr,144.98346,-37.80365,YARRA,METROPOLITAN NORTH WEST REGION,2,1,0,0,1,1,1,1,0,0,1,0,0,1,0,0,0,0,0,0,No,0,2,0,1,1,0,Metropolitan Excluding CBD
4/07/2013,20.00.00,Yes,Collision with vehicle,VEHICLE STRIKES DOOR OF PARKED/STATIONARY VEHICLE,No,Dark Street lights unknown,No,Not at intersection,Other injury accident,40 km/hr,144.97877,-37.79657,YARRA,METROPOLITAN NORTH WEST REGION,2,1,0,0,1,1,0,2,1,1,0,0,0,0,0,0,0,0,0,0,No,0,2,0,1,0,0,Metropolitan Excluding CBD
8/07/2013,10.00.00,Yes,Collision with vehicle,REAR END(VEHICLES IN SAME LANE),No,Day,No,Cross intersection,Other injury accident,Not known,144.98272,-37.79382,YARRA,METROPOLITAN NORTH WEST REGION,2,1,0,0,1,1,1,1,0,0,2,0,0,0,0,0,0,0,0,0,No,0,2,0,2,0,0,Metropolitan Excluding CBD
10/07/2013,14.36.00,No,Collision with vehicle,LEFT NEAR (INTERSECTIONS ONLY),No,Day,Yes,T intersection,Other injury accident,60 km/hr,144.99361,-37.79598,YARRA,METROPOLITAN NORTH WEST REGION,5,3,0,0,3,2,5,0,0,2,3,0,0,0,0,0,0,0,0,0,No,0,3,0,2,0,1,Metropolitan Excluding CBD
14/07/2013,13.30.00,No,No collision and no object struck,OUT OF CONTROL ON CARRIAGEWAY (ON STRAIGHT),No,Day,No,T intersection,Serious injury accident,60 km/hr,145.00087,-37.8092,YARRA,METROPOLITAN NORTH WEST REGION,2,1,0,1,0,1,1,1,0,0,1,0,0,1,0,0,0,0,0,0,No,0,2,0,1,1,0,Metropolitan Excluding CBD
16/07/2013,06.55.00,No,Collision with vehicle,CROSS TRAFFIC(INTERSECTIONS ONLY),No,Dusk/Dawn,Yes,Cross intersection,Other injury accident,60 km/hr,144.97682,-37.80811,YARRA,METROPOLITAN NORTH WEST REGION,2,1,0,0,1,1,1,1,0,0,2,0,0,0,0,0,0,0,0,1,No,0,2,0,2,0,0,Metropolitan Excluding CBD
16/07/2013,06.50.00,No,Collision with vehicle,RIGHT THROUGH,No,Unk.,No,Not at intersection,Other injury accident,40 km/hr,144.97718,-37.80593,YARRA,METROPOLITAN NORTH WEST REGION,2,1,0,0,1,1,0,2,1,0,1,0,0,0,0,0,0,0,0,0,No,0,2,0,1,0,0,Metropolitan Excluding CBD
16/07/2013,16.40.00,No,Collision with vehicle,VEHICLE STRIKES DOOR OF PARKED/STATIONARY VEHICLE,No,Day,Yes,Not at intersection,Serious injury accident,60 km/hr,144.97697,-37.80719,YARRA,METROPOLITAN NORTH WEST REGION,2,1,0,1,0,1,0,2,1,0,1,0,0,0,0,0,0,0,0,0,No,0,2,0,1,0,0,Metropolitan Excluding CBD
16/07/2013,12.30.00,No,Collision with vehicle,VEHICLE STRIKES DOOR OF PARKED/STATIONARY VEHICLE,No,Day,No,Not at intersection,Serious injury accident,40 km/hr,144.99933,-37.81771,YARRA,METROPOLITAN NORTH WEST REGION,2,1,0,1,0,1,0,1,1,0,1,0,0,0,0,0,0,0,0,0,No,0,2,0,1,0,0,Metropolitan Excluding CBD
18/07/2013,16.45.00,No,Collision with vehicle,REAR END(VEHICLES IN SAME LANE),No,Dusk/Dawn,Yes,Cross intersection,Other injury accident,60 km/hr,144.97935,-37.79312,YARRA,METROPOLITAN NORTH WEST REGION,3,1,0,0,1,2,3,0,0,0,3,0,0,0,0,0,0,0,0,1,No,0,3,0,3,0,0,Metropolitan Excluding CBD
19/07/2013,07.10.00,No,Collision with vehicle,REAR END(VEHICLES IN SAME LANE),No,Day,Yes,T intersection,Serious injury accident,60 km/hr,144.99921,-37.78587,YARRA,METROPOLITAN NORTH WEST REGION,2,1,0,1,0,1,2,0,0,0,1,0,0,1,0,0,0,0,0,0,No,0,2,0,1,1,0,Metropolitan Excluding CBD
19/07/2013,12.25.00,No,Collision with vehicle,VEHICLE STRIKES DOOR OF PARKED/STATIONARY VEHICLE,No,Day,Yes,T intersection,Other injury accident,60 km/hr,144.99717,-37.81021,YARRA,METROPOLITAN NORTH WEST REGION,2,2,0,0,2,0,2,0,1,0,1,0,0,0,0,0,0,0,0,0,No,0,2,0,1,0,0,Metropolitan Excluding CBD
19/07/2013,19.24.00,Yes,Collision with vehicle,RIGHT/RIGHT BOTH VEHs FROM OPPOSITE DIRECTIONS TURNING RIGHT,No,Dark Street lights on,Yes,Cross intersection,Other injury accident,40 km/hr,144.97945,-37.80598,YARRA,METROPOLITAN NORTH WEST REGION,2,1,0,0,1,1,0,2,1,0,1,0,0,0,0,0,0,0,0,0,No,0,2,0,1,0,0,Metropolitan Excluding CBD
19/07/2013,19.30.00,Yes,Collision with vehicle,RIGHT THROUGH,No,Dark Street lights on,No,Cross intersection,Other injury accident,40 km/hr,144.99708,-37.83041,YARRA,METROPOLITAN NORTH WEST REGION,2,1,0,0,1,1,0,2,1,0,1,0,0,0,0,0,0,0,0,1,No,0,2,0,1,0,0,Metropolitan Excluding CBD
22/07/2013,22.30.00,Yes,Struck Pedestrian,FAR SIDE. PED HIT BY VEHICLE FROM THE LEFT,No,Dark Street lights unknown,Yes,T intersection,Other injury accident,40 km/hr,144.99032,-37.79958,YARRA,METROPOLITAN NORTH WEST REGION,2,1,0,0,1,1,2,0,0,0,1,1,0,0,0,0,0,1,0,0,No,0,1,0,1,0,0,Metropolitan Excluding CBD
25/07/2013,08.43.00,No,Collision with vehicle,LANE CHANGE LEFT (NOT OVERTAKING),No,Day,Yes,Not at intersection,Other injury accident,80 km/hr,145.019,-37.83101,YARRA,METROPOLITAN NORTH WEST REGION,4,3,0,0,3,1,2,2,0,1,3,0,0,0,0,0,0,0,0,1,No,1,3,1,2,0,0,Metropolitan Excluding CBD
25/07/2013,18.00.00,Yes,Collision with vehicle,VEHICLE STRIKES DOOR OF PARKED/STATIONARY VEHICLE,No,Dark Street lights on,Yes,Not at intersection,Serious injury accident,40 km/hr,144.97799,-37.80108,YARRA,METROPOLITAN NORTH WEST REGION,3,1,0,1,0,2,1,2,1,0,1,0,0,0,1,0,0,0,0,0,No,0,3,0,2,0,0,Metropolitan Excluding CBD
26/07/2013,17.10.00,Yes,Collision with vehicle,LANE SIDE SWIPE (VEHICLES IN PARALLEL LANES),Yes,Dusk/Dawn,No,Cross intersection,Other injury accident,Not known,144.99793,-37.82569,YARRA,METROPOLITAN NORTH WEST REGION,2,1,0,0,1,1,1,0,1,0,0,0,0,0,1,0,0,0,0,0,No,0,2,0,0,0,0,Metropolitan Excluding CBD
26/07/2013,17.30.00,Yes,Collision with vehicle,RIGHT THROUGH,No,Dusk/Dawn,No,T intersection,Other injury accident,50 km/hr,144.99994,-37.80052,YARRA,METROPOLITAN NORTH WEST REGION,2,1,0,0,1,1,1,1,1,0,1,0,0,0,0,0,0,0,0,1,No,0,2,0,1,0,0,Metropolitan Excluding CBD
27/07/2013,09.50.00,No,Collision with vehicle,VEHICLE STRIKES DOOR OF PARKED/STATIONARY VEHICLE,No,Day,Yes,T intersection,Serious injury accident,60 km/hr,144.99525,-37.82539,YARRA,METROPOLITAN NORTH WEST REGION,2,1,0,1,0,1,2,0,1,0,1,0,0,0,0,0,0,0,0,0,No,1,2,0,1,0,0,Metropolitan Excluding CBD
28/07/2013,04.54.00,Yes,Collision with a fixed object,LEFT OFF CARRIAGEWAY INTO OBJECT/PARKED VEHICLE,No,Dark Street lights on,Yes,Not at intersection,Serious injury accident,80 km/hr,145.01541,-37.83028,YARRA,METROPOLITAN NORTH WEST REGION,1,1,0,1,0,0,1,0,0,0,1,0,0,0,0,0,0,0,0,0,No,0,1,0,1,0,0,Metropolitan Excluding CBD
29/07/2013,20.00.00,Yes,Struck Pedestrian,FAR SIDE. PED HIT BY VEHICLE FROM THE LEFT,No,Dark No street lights,Yes,Not at intersection,Serious injury accident,50 km/hr,144.9997,-37.79305,YARRA,METROPOLITAN NORTH WEST REGION,2,1,0,1,0,1,0,2,0,0,1,1,0,0,0,0,0,0,0,0,No,0,1,0,1,0,0,Metropolitan Excluding CBD
30/07/2013,06.50.00,No,Collision with vehicle,CROSS TRAFFIC(INTERSECTIONS ONLY),No,Dusk/Dawn,Yes,Cross intersection,Serious injury accident,50 km/hr,144.96421,-37.78113,YARRA,METROPOLITAN NORTH WEST REGION,2,1,0,1,0,1,2,0,1,0,1,0,0,0,0,0,0,0,0,1,No,0,2,0,1,0,0,Metropolitan Excluding CBD
31/07/2013,09.10.00,No,Collision with vehicle,REAR END(VEHICLES IN SAME LANE),No,Day,Yes,Not at intersection,Other injury accident,100 km/hr,145.00813,-37.79333,YARRA,METROPOLITAN NORTH WEST REGION,3,1,0,0,1,2,1,2,0,0,3,0,0,0,0,0,0,0,0,1,No,0,3,0,3,0,0,Metropolitan Excluding CBD
31/07/2013,09.00.00,No,Struck Pedestrian,PED NEAR SIDE. PED HIT BY VEHICLE FROM THE RIGHT.,No,Day,No,Cross intersection,Serious injury accident,50 km/hr,144.98468,-37.7834,YARRA,METROPOLITAN NORTH WEST REGION,2,1,0,1,0,1,1,1,0,0,1,1,0,0,0,0,0,0,0,0,No,0,1,0,1,0,0,Metropolitan Excluding CBD
1/08/2013,18.45.00,Yes,Collision with vehicle,LEFT NEAR (INTERSECTIONS ONLY),No,Dark Street lights on,No,T intersection,Other injury accident,60 km/hr,145.00218,-37.78491,YARRA,METROPOLITAN NORTH WEST REGION,2,1,0,0,1,1,0,2,1,0,1,0,0,0,0,0,0,0,0,0,No,0,2,0,1,0,0,Metropolitan Excluding CBD
1/08/2013,11.00.00,No,Struck Pedestrian,VEH STRIKES PED ON FOOTPATH/MEDIAN/TRAFFIC ISLAND.,No,Unk.,No,Not at intersection,Other injury accident,40 km/hr,144.97194,-37.78918,YARRA,METROPOLITAN NORTH WEST REGION,2,1,0,0,1,1,1,0,0,0,0,1,0,0,1,0,0,1,0,0,No,0,1,0,0,0,0,Metropolitan Excluding CBD
3/08/2013,19.50.00,Yes,No collision and no object struck,OUT OF CONTROL ON CARRIAGEWAY (ON STRAIGHT),No,Dark Street lights on,Yes,Not at intersection,Other injury accident,50 km/hr,144.97698,-37.80711,YARRA,METROPOLITAN NORTH WEST REGION,1,1,0,0,1,0,1,0,0,0,0,0,0,1,0,0,0,0,0,0,No,0,1,0,0,1,0,Metropolitan Excluding CBD
4/08/2013,18.26.00,Yes,Collision with vehicle,ENTERING PARKING,No,Dark No street lights,No,Not at intersection,Serious injury accident,50 km/hr,144.98001,-37.77639,YARRA,METROPOLITAN NORTH WEST REGION,2,1,0,1,0,1,1,1,1,0,1,0,0,0,0,0,0,0,0,0,No,0,2,0,1,0,0,Metropolitan Excluding CBD
8/08/2013,08.55.00,No,Collision with vehicle,CROSS TRAFFIC(INTERSECTIONS ONLY),No,Day,Yes,Cross intersection,Other injury accident,50 km/hr,144.97972,-37.79766,YARRA,METROPOLITAN NORTH WEST REGION,3,2,0,0,2,1,0,3,0,1,2,0,0,0,0,0,0,0,0,1,No,0,2,0,2,0,0,Metropolitan Excluding CBD